Customer ID,Transaction Date,Product ID,Amount
1,1/1/2023,14,126
1,15/1/2023,14,163
1,25/2/2023,1,180
1,4/4/2023,14,115
1,8/6/2023,19,77
1,9/10/2023,1,116
1,21/1/2024,8,87
1,12/3/2024,8,173
1,2/5/2024,19,152
1,9/6/2024,8,91
2,5/2/2023,20,32
2,4/3/2023,9,90
2,7/3/2023,3,13
2,3/5/2023,9,77
2,21/6/2023,3,136
2,2/7/2023,20,56
2,13/10/2023,3,116
2,17/11/2023,3,26
2,13/2/2024,20,174
2,29/2/2024,3,42
2,25/3/2024,3,157
2,29/3/2024,20,121
3,21/4/2023,18,18
3,25/5/2023,13,70
3,21/7/2023,7,165
3,13/12/2023,13,82
3,25/1/2024,13,136
4,23/10/2023,4,17
4,6/11/2023,10,108
4,19/1/2024,16,193
4,27/2/2024,4,164
5,25/1/2023,16,36
5,13/2/2023,16,188
5,9/4/2023,16,186
5,7/5/2023,10,96
5,29/8/2023,16,153
5,5/9/2023,4,137
5,2/10/2023,10,39
5,9/10/2023,10,125
5,1/11/2023,10,28
5,21/11/2023,4,23
5,26/1/2024,4,194
5,29/1/2024,4,9
5,4/2/2024,16,101
5,12/3/2024,4,76
5,16/5/2024,4,80
6,20/2/2023,16,118
6,1/7/2023,16,130
6,22/1/2024,4,152
7,17/2/2023,20,149
7,29/4/2023,3,197
7,4/1/2024,9,191
7,16/1/2024,9,157
8,7/5/2023,1,120
8,27/6/2023,19,111
8,10/8/2023,1,123
8,15/9/2023,19,74
8,28/10/2023,1,47
8,14/1/2024,14,127
8,4/5/2024,1,111
8,7/6/2024,14,135
9,6/3/2023,10,35
9,30/12/2023,10,6
9,29/2/2024,16,145
10,27/1/2023,3,102
10,20/4/2023,20,197
10,22/6/2023,20,199
10,18/8/2023,20,195
10,18/9/2023,20,170
10,29/11/2023,9,30
10,30/11/2023,3,156
10,21/3/2024,20,88
10,21/5/2024,20,38
11,10/1/2023,20,64
11,7/5/2023,3,147
11,15/8/2023,9,56
11,26/8/2023,20,20
11,29/8/2023,3,137
11,13/10/2023,20,92
11,15/10/2023,9,81
11,22/10/2023,20,115
11,25/1/2024,3,123
11,23/4/2024,9,128
11,6/5/2024,9,190
12,18/1/2023,13,164
12,22/2/2023,7,143
12,12/6/2023,7,183
12,19/10/2023,13,11
12,11/11/2023,13,17
12,2/12/2023,7,12
12,28/12/2023,7,22
12,9/3/2024,18,50
12,6/4/2024,7,47
13,19/3/2023,10,36
13,19/4/2023,4,144
13,7/5/2023,4,113
13,23/8/2023,4,85
13,11/10/2023,10,173
13,6/11/2023,16,157
13,19/11/2023,4,100
13,24/11/2023,16,98
13,25/11/2023,16,197
13,4/12/2023,4,52
13,29/12/2023,16,30
13,13/5/2024,10,155
14,6/4/2023,9,130
14,15/6/2023,20,65
14,12/10/2023,3,37
14,20/12/2023,20,197
14,20/12/2023,3,26
14,5/6/2024,20,74
15,20/1/2023,4,149
15,29/9/2023,4,19
15,21/10/2023,10,51
15,29/4/2024,4,50
15,11/6/2024,10,164
16,26/1/2023,13,29
16,6/4/2023,7,131
16,11/4/2023,13,181
16,11/6/2023,7,187
16,6/7/2023,18,43
16,20/7/2023,13,69
16,1/9/2023,18,65
16,26/10/2023,7,109
16,22/6/2024,18,66
16,26/6/2024,18,40
17,21/2/2023,16,23
17,22/2/2023,4,124
17,24/5/2023,16,68
17,2/6/2023,10,196
17,31/3/2024,4,180
17,1/4/2024,4,47
18,30/5/2023,7,185
18,9/10/2023,13,40
19,21/1/2023,19,183
19,6/2/2023,19,129
19,8/2/2023,1,150
19,21/2/2023,14,136
19,11/3/2023,8,37
19,13/3/2023,8,74
19,7/6/2023,14,157
19,29/7/2023,14,72
19,27/1/2024,1,94
19,23/2/2024,19,72
19,8/6/2024,14,63
19,21/6/2024,14,87
20,30/6/2023,16,138
20,19/11/2023,4,185
21,13/3/2023,20,19
21,5/4/2023,9,116
21,29/5/2023,20,75
21,5/7/2023,20,128
21,14/7/2023,3,131
21,2/9/2023,9,113
21,16/9/2023,3,185
21,9/2/2024,3,87
21,17/2/2024,9,110
21,15/3/2024,9,186
22,18/3/2023,18,90
22,31/3/2023,7,22
22,30/5/2023,7,43
22,1/6/2023,18,113
22,11/9/2023,18,174
22,31/12/2023,13,75
22,13/2/2024,7,169
22,16/3/2024,18,119
22,26/4/2024,18,159
22,22/5/2024,13,137
22,4/6/2024,7,21
23,14/1/2023,1,13
23,24/3/2023,8,58
23,24/3/2023,19,162
23,18/4/2023,8,75
23,20/8/2023,19,36
23,16/9/2023,19,67
23,3/11/2023,1,21
23,12/11/2023,1,182
23,22/4/2024,14,147
24,7/1/2023,19,154
24,12/3/2023,8,113
24,5/4/2023,8,165
24,22/5/2023,19,10
24,8/6/2023,8,44
24,18/8/2023,19,154
24,29/9/2023,14,6
24,10/10/2023,19,193
24,4/11/2023,1,27
24,10/2/2024,19,135
25,15/1/2023,13,101
25,5/2/2023,13,174
25,20/5/2023,13,62
25,1/7/2023,7,196
25,1/8/2023,7,173
25,16/8/2023,13,26
25,24/11/2023,18,180
25,21/3/2024,13,192
25,23/3/2024,13,7
25,31/3/2024,7,110
25,3/4/2024,13,103
25,7/5/2024,7,125
25,16/6/2024,13,59
26,16/1/2023,10,14
26,21/1/2023,4,128
26,28/2/2023,10,86
26,26/4/2023,16,188
26,22/5/2023,10,11
26,1/6/2023,10,156
26,17/10/2023,4,98
26,16/11/2023,4,153
26,15/3/2024,4,85
26,30/4/2024,10,187
27,25/2/2023,3,177
27,23/4/2023,20,138
27,20/6/2023,9,149
27,23/9/2023,3,133
27,2/11/2023,3,182
27,26/11/2023,20,44
27,26/1/2024,20,32
27,27/2/2024,9,105
27,17/5/2024,3,139
27,22/5/2024,3,148
28,17/4/2023,9,80
28,23/4/2023,20,89
28,17/5/2023,3,74
28,23/5/2023,3,147
28,5/11/2023,9,125
28,5/12/2023,9,49
28,27/1/2024,3,27
28,7/4/2024,3,44
28,17/4/2024,9,181
29,11/1/2023,13,33
29,1/2/2023,7,31
29,10/5/2023,7,96
29,15/5/2023,18,86
29,16/6/2023,13,84
29,7/9/2023,13,57
29,25/9/2023,13,71
29,11/10/2023,7,13
29,21/10/2023,7,100
29,11/1/2024,13,18
29,18/1/2024,18,104
29,5/3/2024,18,12
29,22/4/2024,18,117
29,22/6/2024,18,135
30,4/2/2023,3,187
30,21/4/2023,20,102
30,23/5/2024,3,125
31,7/1/2023,16,180
31,6/5/2023,10,40
31,11/6/2023,10,183
31,22/7/2023,16,152
31,23/10/2023,10,140
31,2/11/2023,4,156
31,24/1/2024,16,72
31,7/3/2024,10,22
31,8/5/2024,4,81
31,22/5/2024,16,163
32,27/5/2023,14,101
32,10/9/2023,1,158
32,13/3/2024,19,88
32,8/5/2024,8,177
33,27/7/2023,13,107
33,2/8/2023,7,48
33,8/8/2023,18,122
33,11/8/2023,18,184
33,21/8/2023,13,37
33,28/9/2023,18,103
33,11/10/2023,18,58
33,25/11/2023,18,136
33,9/1/2024,13,156
33,30/1/2024,7,68
33,20/2/2024,18,19
33,5/6/2024,18,57
33,27/6/2024,18,95
34,25/1/2023,2,54
34,16/2/2023,1,151
34,17/4/2023,1,117
34,6/7/2023,5,188
34,1/1/2024,11,85
34,20/1/2024,5,91
34,12/3/2024,5,112
34,26/3/2024,1,75
34,15/4/2024,14,14
34,25/4/2024,5,12
34,26/5/2024,5,90
34,28/5/2024,1,144
34,19/6/2024,14,162
35,18/4/2023,7,170
35,6/6/2023,13,80
35,25/6/2023,13,46
35,10/7/2023,7,80
35,21/10/2023,18,46
35,20/11/2023,7,157
35,3/12/2023,18,18
35,10/12/2023,18,168
35,22/3/2024,7,21
35,1/6/2024,7,40
36,23/2/2023,20,161
36,18/3/2023,9,22
36,21/4/2023,3,143
36,26/6/2023,9,138
36,3/7/2023,20,121
36,22/7/2023,3,181
36,23/10/2023,9,6
36,25/10/2023,20,109
36,10/11/2023,20,163
36,14/11/2023,9,43
36,6/12/2023,9,131
36,12/12/2023,3,44
36,8/1/2024,3,190
36,1/4/2024,20,133
36,5/5/2024,20,153
37,17/3/2023,13,10
37,15/7/2023,7,145
37,10/12/2023,7,17
37,2/1/2024,7,52
37,28/3/2024,18,107
37,15/6/2024,7,68
37,20/6/2024,18,160
37,28/6/2024,7,93
38,15/1/2023,18,117
38,29/1/2023,18,122
38,14/2/2023,7,100
38,16/3/2023,7,90
38,8/4/2023,18,80
38,14/5/2023,18,48
38,15/5/2023,13,44
38,18/5/2023,18,182
38,1/12/2023,7,105
38,19/1/2024,7,158
38,29/3/2024,18,14
38,26/4/2024,13,193
38,15/5/2024,18,197
38,9/6/2024,7,188
39,13/3/2023,5,40
39,17/3/2023,14,177
39,8/5/2023,1,99
39,28/5/2023,5,177
39,27/8/2023,2,115
39,19/10/2023,14,151
39,19/12/2023,5,103
39,4/2/2024,1,170
39,23/4/2024,14,70
39,4/5/2024,5,151
39,22/5/2024,11,57
39,24/5/2024,5,109
39,4/6/2024,5,104
39,9/6/2024,2,51
40,10/4/2023,20,187
40,23/6/2023,9,152
40,3/7/2023,3,188
40,6/7/2023,20,120
40,8/7/2023,3,99
40,23/8/2023,20,81
40,17/9/2023,9,34
40,2/10/2023,3,46
40,11/10/2023,9,43
40,13/11/2023,20,50
40,5/2/2024,3,173
41,28/1/2024,9,163
41,14/6/2024,9,195
41,18/6/2024,20,164
42,3/2/2023,10,85
42,24/3/2023,10,52
42,6/10/2023,10,64
42,13/2/2024,16,46
42,17/3/2024,10,109
42,30/3/2024,10,92
42,21/5/2024,10,28
42,23/5/2024,4,77
42,29/5/2024,10,116
42,1/6/2024,16,119
43,14/4/2023,20,199
43,20/5/2023,9,138
43,28/5/2023,9,176
43,17/8/2023,20,15
43,30/1/2024,9,110
44,5/2/2023,18,12
44,27/2/2023,7,28
44,27/3/2023,13,171
44,1/1/2024,13,88
44,7/1/2024,18,155
44,27/3/2024,7,33
44,9/4/2024,7,5
44,15/4/2024,18,52
44,20/4/2024,13,150
45,31/3/2023,19,41
45,1/5/2023,8,34
45,13/12/2023,19,53
46,30/1/2023,4,186
46,3/2/2023,16,50
46,29/4/2023,16,11
46,10/10/2023,4,34
46,6/12/2023,16,87
46,7/1/2024,16,123
46,12/4/2024,10,29
47,27/2/2023,7,168
47,28/2/2023,13,115
47,1/5/2023,7,93
47,25/5/2023,18,25
47,8/7/2023,7,52
47,1/8/2023,7,112
47,18/8/2023,13,126
47,30/8/2023,13,44
47,9/9/2023,7,88
47,9/11/2023,7,120
47,21/3/2024,18,135
47,31/3/2024,18,183
48,16/3/2023,1,155
48,19/9/2023,14,38
48,22/2/2024,8,151
49,11/5/2023,9,141
49,6/6/2023,3,124
49,25/7/2023,3,102
50,1/2/2023,10,27
50,29/4/2023,16,56
50,3/6/2023,4,85
50,31/10/2023,16,54
51,1/2/2023,19,121
51,28/4/2023,1,179
51,8/6/2023,1,173
51,3/7/2023,14,197
51,15/7/2023,19,98
51,16/10/2023,14,150
51,6/1/2024,19,141
51,9/1/2024,14,26
51,1/2/2024,8,121
51,15/3/2024,8,11
51,10/6/2024,14,191
52,20/1/2023,13,12
52,21/3/2023,7,83
52,5/4/2023,7,88
52,26/4/2023,18,100
52,12/6/2023,13,27
52,30/6/2023,7,62
52,30/6/2023,18,39
52,22/7/2023,18,119
52,11/9/2023,7,65
52,3/12/2023,13,198
52,29/1/2024,18,166
52,22/2/2024,7,192
52,12/5/2024,13,15
52,13/6/2024,13,66
53,14/4/2023,9,195
53,13/5/2023,20,191
53,16/5/2023,3,180
53,3/6/2023,20,51
53,3/7/2023,3,143
53,4/8/2023,20,140
53,27/11/2023,20,96
53,30/11/2023,3,127
53,9/1/2024,3,35
53,14/2/2024,20,172
53,18/3/2024,9,12
54,26/2/2023,20,95
54,29/6/2023,9,85
54,24/7/2023,20,5
54,31/8/2023,3,175
54,31/8/2023,3,118
54,5/10/2023,20,54
54,23/10/2023,3,14
54,12/11/2023,9,183
54,16/3/2024,20,131
54,22/3/2024,20,187
54,9/5/2024,20,137
54,28/5/2024,3,197
54,5/6/2024,20,69
54,6/6/2024,9,31
55,31/1/2023,3,173
55,20/5/2023,20,122
55,16/8/2023,3,82
55,25/9/2023,9,114
55,19/11/2023,20,131
55,6/1/2024,3,29
55,21/3/2024,20,35
56,19/1/2023,14,67
56,3/3/2023,1,136
56,3/4/2023,14,143
56,30/7/2023,19,20
56,19/10/2023,8,131
56,19/11/2023,8,81
56,22/12/2023,14,93
56,22/3/2024,14,183
56,3/4/2024,1,33
56,10/4/2024,1,18
56,15/5/2024,19,99
56,4/6/2024,8,6
57,14/3/2023,13,24
57,11/6/2023,18,104
57,7/8/2023,13,133
57,24/9/2023,18,36
57,25/9/2023,13,100
57,26/9/2023,7,14
57,29/12/2023,18,78
57,10/3/2024,7,55
58,30/5/2023,19,103
58,25/2/2024,8,11
58,16/3/2024,14,49
59,26/2/2023,11,92
59,5/4/2023,11,94
59,23/6/2023,11,152
59,6/9/2023,14,91
59,15/11/2023,11,125
59,10/12/2023,14,57
59,16/3/2024,5,86
59,12/4/2024,5,13
59,20/4/2024,1,37
59,10/6/2024,14,144
60,5/1/2023,3,142
60,4/3/2023,20,145
60,3/8/2023,20,74
60,28/8/2023,3,89
60,7/9/2023,3,50
60,13/9/2023,9,66
60,22/10/2023,20,28
60,29/10/2023,20,175
60,29/11/2023,3,66
60,20/2/2024,20,9
60,4/4/2024,20,140
61,7/1/2023,1,36
61,23/1/2023,1,154
61,10/2/2023,19,102
61,24/3/2023,14,14
61,4/6/2023,1,76
61,30/6/2023,14,173
61,6/12/2023,19,50
61,29/12/2023,8,40
61,6/1/2024,19,67
61,20/5/2024,14,41
61,27/5/2024,1,46
61,31/5/2024,19,120
62,11/2/2023,5,46
62,18/4/2023,2,177
62,30/5/2023,14,152
62,30/6/2023,14,89
62,30/8/2023,2,95
62,29/9/2023,1,12
62,24/12/2023,1,75
62,3/2/2024,5,43
62,12/2/2024,11,106
62,4/4/2024,14,119
62,5/4/2024,5,15
62,9/4/2024,2,159
62,14/4/2024,11,50
63,4/2/2023,10,78
63,7/3/2023,16,145
63,30/8/2023,4,90
63,29/9/2023,10,54
63,30/10/2023,4,119
63,7/11/2023,4,17
63,23/1/2024,10,131
63,11/3/2024,10,123
63,8/6/2024,4,83
64,26/1/2023,1,160
64,30/8/2023,1,184
64,18/11/2023,2,17
64,19/2/2024,1,78
64,28/3/2024,14,97
65,9/4/2023,11,94
65,17/9/2023,1,6
65,25/1/2024,14,89
66,10/1/2023,3,131
66,8/2/2023,9,189
66,20/3/2023,3,174
66,30/5/2023,20,54
66,1/6/2023,9,134
66,6/6/2023,9,199
66,27/6/2023,3,18
66,1/7/2023,3,57
66,23/8/2023,3,128
66,28/9/2023,9,175
66,13/10/2023,20,171
66,31/10/2023,3,90
66,3/3/2024,20,26
66,16/4/2024,20,96
67,8/1/2023,20,34
67,6/3/2023,20,165
67,7/3/2023,9,24
67,8/7/2023,20,38
67,18/7/2023,20,158
67,14/10/2023,3,70
67,24/10/2023,20,138
67,27/2/2024,20,23
68,11/2/2023,9,182
68,27/9/2023,9,111
68,5/1/2024,9,111
68,28/6/2024,9,93
69,1/3/2024,13,191
69,14/3/2024,7,29
69,18/3/2024,13,136
69,20/3/2024,7,98
69,23/6/2024,13,187
70,30/1/2023,3,190
70,18/2/2023,9,102
70,23/6/2023,3,100
70,24/7/2023,20,191
70,31/7/2023,9,159
70,28/8/2023,3,77
70,29/9/2023,3,44
70,28/10/2023,3,180
70,3/11/2023,9,109
70,1/1/2024,9,8
70,2/1/2024,20,190
70,4/2/2024,9,186
70,23/2/2024,3,76
70,14/4/2024,3,174
70,26/4/2024,9,33
71,12/3/2023,13,46
71,18/4/2023,18,124
71,11/5/2023,7,50
71,12/5/2023,18,118
71,28/7/2023,7,15
71,17/8/2023,13,137
71,21/8/2023,13,130
71,7/12/2023,7,194
71,31/1/2024,13,147
71,2/3/2024,18,105
71,23/3/2024,7,175
71,11/6/2024,7,158
71,13/6/2024,13,97
72,15/3/2023,18,24
72,13/2/2024,13,131
73,10/3/2023,20,70
73,14/4/2023,20,17
73,27/6/2023,9,14
73,3/7/2023,9,171
73,10/7/2023,20,82
73,15/8/2023,3,73
73,19/9/2023,9,171
73,19/11/2023,9,51
73,25/11/2023,3,6
73,21/12/2023,9,54
73,13/2/2024,3,154
73,30/3/2024,3,17
73,11/4/2024,9,112
73,14/5/2024,9,40
74,26/1/2023,14,96
74,27/1/2023,1,6
74,25/4/2023,14,168
74,7/9/2023,1,165
74,11/9/2023,19,43
74,30/12/2023,8,35
74,27/1/2024,14,99
74,15/2/2024,14,105
74,27/3/2024,19,10
74,28/4/2024,14,67
74,21/5/2024,19,47
74,22/5/2024,19,75
74,13/6/2024,1,65
74,17/6/2024,1,128
75,1/2/2023,16,132
75,2/3/2023,16,171
75,27/5/2023,10,134
75,6/7/2023,10,92
75,6/9/2023,4,79
75,18/9/2023,10,141
75,14/10/2023,10,29
75,21/12/2023,10,43
75,6/1/2024,4,99
75,7/1/2024,10,132
75,21/3/2024,10,94
76,16/3/2023,10,127
76,11/4/2023,10,5
76,30/4/2023,4,160
76,1/5/2023,4,16
76,8/5/2023,16,179
76,3/6/2023,10,127
76,1/8/2023,4,174
76,20/8/2023,16,171
76,21/10/2023,16,75
76,18/11/2023,4,164
76,23/12/2023,10,48
76,9/6/2024,4,44
77,4/1/2023,9,44
77,12/2/2023,3,75
77,23/2/2023,9,88
77,12/8/2023,9,31
77,28/4/2024,3,129
78,5/2/2023,16,14
78,12/2/2023,10,45
78,4/4/2023,16,183
78,7/5/2023,10,85
78,23/8/2023,10,28
78,10/9/2023,4,40
78,2/10/2023,16,73
78,16/10/2023,4,39
78,26/1/2024,10,8
78,31/1/2024,16,155
78,24/3/2024,10,79
78,31/3/2024,4,25
78,10/4/2024,4,59
78,21/6/2024,4,30
79,24/1/2023,5,38
79,17/4/2023,2,189
79,25/7/2023,5,90
79,3/11/2023,5,167
79,30/3/2024,2,30
79,3/4/2024,5,63
80,15/1/2023,20,49
80,24/1/2023,20,78
80,5/3/2023,3,12
80,2/4/2023,9,151
80,6/4/2023,9,22
80,12/6/2023,9,95
80,27/11/2023,20,167
80,1/4/2024,20,100
80,15/4/2024,20,195
80,1/5/2024,9,154
80,23/5/2024,9,27
81,6/5/2023,4,98
81,20/5/2023,4,178
81,19/8/2023,16,115
81,20/8/2023,16,46
81,13/2/2024,4,165
82,3/3/2023,13,128
82,31/3/2023,13,199
82,22/8/2023,13,41
82,14/12/2023,18,78
82,9/4/2024,18,55
82,18/6/2024,13,162
82,19/6/2024,7,30
82,20/6/2024,13,191
83,3/3/2023,9,175
83,25/3/2023,20,176
83,20/5/2023,20,187
83,8/6/2023,9,106
83,25/6/2023,3,59
83,22/8/2023,3,136
83,31/10/2023,3,48
83,11/12/2023,20,130
83,8/1/2024,9,69
83,22/1/2024,20,165
83,15/3/2024,3,16
83,22/4/2024,9,115
83,20/6/2024,3,190
84,10/1/2023,20,170
84,14/1/2023,3,38
84,1/2/2023,9,16
84,11/3/2023,20,194
84,2/5/2023,9,69
84,24/5/2023,20,199
84,28/6/2023,20,103
84,9/9/2023,9,155
84,14/9/2023,9,34
84,15/9/2023,9,138
84,1/10/2023,20,154
84,17/1/2024,3,109
84,5/3/2024,9,196
84,16/4/2024,9,44
84,25/5/2024,9,54
85,23/2/2023,1,142
85,9/6/2023,1,146
85,15/6/2023,19,81
85,18/7/2023,14,33
85,31/7/2023,8,27
85,21/9/2023,19,136
85,26/9/2023,14,117
85,12/1/2024,19,187
85,23/2/2024,14,192
85,8/3/2024,8,104
85,13/5/2024,1,26
86,8/1/2023,10,173
86,7/2/2023,10,62
86,29/5/2023,10,34
86,11/6/2023,16,45
86,23/6/2023,16,90
86,2/8/2023,16,159
86,25/9/2023,16,116
86,23/10/2023,4,100
87,28/5/2023,13,28
87,21/1/2024,18,97
87,15/6/2024,18,9
88,21/2/2023,11,29
88,23/2/2023,11,115
88,21/3/2023,11,167
88,26/4/2023,2,61
88,17/5/2023,2,38
88,27/5/2023,14,83
88,2/6/2023,5,199
88,3/8/2023,14,27
88,18/9/2023,11,15
88,17/11/2023,14,152
88,24/12/2023,11,168
88,14/1/2024,14,172
89,2/3/2023,4,96
89,28/3/2023,4,89
89,3/9/2023,10,40
89,5/9/2023,4,58
89,5/11/2023,10,171
89,29/11/2023,10,123
89,2/2/2024,16,61
89,28/2/2024,4,169
89,26/5/2024,16,192
89,12/6/2024,4,13
89,23/6/2024,4,118
90,5/4/2023,20,23
90,25/5/2023,9,194
90,15/7/2023,20,126
90,13/10/2023,20,6
90,17/10/2023,20,26
90,23/11/2023,20,160
90,23/12/2023,20,81
90,16/3/2024,3,34
90,19/6/2024,9,143
91,18/1/2023,1,82
91,17/4/2023,5,43
91,24/5/2023,2,102
91,2/8/2023,5,92
91,18/8/2023,14,8
91,19/8/2023,14,94
91,4/3/2024,1,83
91,4/5/2024,5,20
92,15/1/2023,4,165
92,3/2/2023,4,148
92,17/4/2023,10,119
92,21/4/2023,10,113
92,22/7/2023,16,106
92,17/8/2023,4,192
92,1/10/2023,10,123
92,28/10/2023,10,122
92,19/3/2024,4,191
92,11/4/2024,4,114
93,22/3/2023,20,33
93,15/4/2023,3,55
93,15/4/2024,20,199
93,15/5/2024,9,142
93,5/6/2024,9,19
94,20/2/2023,10,59
94,27/2/2023,10,125
94,27/2/2023,16,153
94,2/4/2023,4,76
94,26/4/2023,16,155
94,21/5/2023,4,25
94,15/9/2023,10,136
94,27/12/2023,4,86
94,28/12/2023,16,64
94,6/1/2024,16,107
94,6/2/2024,10,12
94,9/2/2024,10,196
94,22/2/2024,16,85
94,28/6/2024,16,178
95,25/3/2023,14,159
95,18/4/2023,19,42
95,2/5/2023,19,199
95,9/5/2023,14,35
95,4/7/2023,19,56
95,8/10/2023,8,14
95,24/10/2023,14,194
95,31/3/2024,8,18
95,10/5/2024,14,109
95,14/6/2024,19,89
96,20/5/2023,16,96
96,23/5/2023,16,41
96,28/6/2023,16,100
96,11/12/2023,16,110
96,1/3/2024,16,34
96,17/5/2024,16,188
97,23/1/2023,10,82
97,26/1/2023,10,82
97,12/3/2023,4,10
97,23/6/2023,4,152
97,27/10/2023,4,87
97,20/12/2023,10,120
97,31/1/2024,10,46
97,22/3/2024,10,100
97,17/6/2024,10,195
98,6/5/2023,13,197
98,14/6/2023,13,30
98,15/2/2024,7,52
98,3/5/2024,7,64
99,29/1/2023,10,59
99,18/4/2023,4,107
99,2/7/2023,16,84
99,9/3/2024,10,160
99,11/5/2024,16,180
99,12/5/2024,4,51
99,18/5/2024,10,195
99,21/6/2024,10,25
100,5/1/2023,8,160
100,23/3/2023,8,189
100,1/4/2023,14,39
100,11/10/2023,1,102
100,13/11/2023,8,94
100,21/11/2023,8,127
100,23/12/2023,14,33
100,12/1/2024,14,105
100,26/1/2024,14,149
100,6/4/2024,14,58
100,7/5/2024,19,188
100,10/5/2024,14,127
100,16/5/2024,1,109
101,21/8/2023,1,67
101,27/8/2023,1,87
101,5/1/2024,19,198
101,11/1/2024,8,67
102,12/1/2023,7,81
102,8/2/2023,7,66
102,17/2/2023,18,144
102,26/5/2023,13,70
102,21/6/2023,7,181
102,3/8/2023,18,107
102,12/10/2023,18,135
102,22/10/2023,13,72
102,11/11/2023,18,22
102,24/12/2023,18,152
102,15/1/2024,13,35
102,20/1/2024,7,48
102,24/5/2024,18,48
102,5/6/2024,13,25
102,12/6/2024,7,148
103,5/3/2023,1,185
103,19/3/2023,8,106
103,21/3/2023,1,150
103,14/6/2023,1,26
103,5/8/2023,14,140
103,5/10/2023,8,115
103,22/12/2023,1,97
103,14/1/2024,1,140
103,17/6/2024,19,33
104,13/4/2023,19,5
104,14/5/2023,19,143
104,23/6/2023,8,150
104,10/8/2023,14,184
104,17/8/2023,8,9
104,20/1/2024,8,183
104,7/2/2024,1,109
104,8/4/2024,1,156
104,29/4/2024,1,99
104,16/5/2024,8,61
104,6/6/2024,1,72
105,10/5/2023,9,68
105,24/6/2023,20,67
105,14/8/2023,3,172
105,25/8/2023,20,123
105,24/12/2023,3,58
105,14/1/2024,3,142
105,4/3/2024,9,132
105,7/4/2024,9,183
105,9/4/2024,9,17
105,11/5/2024,20,189
105,2/6/2024,9,175
106,19/3/2023,20,35
106,19/5/2023,3,8
106,2/7/2023,9,169
106,9/4/2024,9,9
107,13/4/2023,3,169
107,18/3/2024,9,36
107,18/6/2024,20,136
108,18/1/2023,18,139
108,10/2/2023,18,89
108,10/5/2023,18,170
108,14/5/2023,13,108
108,13/6/2023,13,76
108,3/8/2023,7,33
108,5/9/2023,7,34
108,25/9/2023,13,139
108,4/10/2023,7,150
108,10/11/2023,7,138
108,7/1/2024,18,60
108,6/2/2024,13,65
108,19/3/2024,18,65
109,8/1/2023,14,90
109,14/1/2023,14,118
109,2/6/2023,1,99
109,6/9/2023,14,184
109,17/10/2023,14,154
109,17/11/2023,19,28
109,24/12/2023,14,78
109,22/1/2024,14,197
109,2/5/2024,14,132
109,29/5/2024,1,188
110,6/2/2023,1,198
110,10/3/2023,14,183
110,2/4/2023,19,169
110,18/7/2023,19,183
110,22/7/2023,8,38
110,6/9/2023,1,24
110,12/9/2023,19,14
110,13/11/2023,19,166
110,10/12/2023,8,42
110,3/3/2024,8,71
110,30/3/2024,1,84
110,5/4/2024,1,95
110,22/5/2024,14,134
110,26/5/2024,19,187
110,9/6/2024,19,197
111,12/1/2023,18,112
111,21/2/2023,7,11
111,7/4/2023,7,148
111,1/5/2023,18,170
111,16/6/2023,18,40
111,21/7/2023,18,171
111,16/8/2023,13,146
111,19/9/2023,18,67
111,30/10/2023,18,143
111,27/1/2024,7,155
111,25/3/2024,7,5
111,12/5/2024,13,29
111,30/5/2024,13,37
111,20/6/2024,13,113
112,5/3/2023,9,14
112,25/5/2023,9,39
112,11/6/2024,9,77
113,8/1/2023,4,62
113,18/3/2023,16,182
113,23/3/2023,16,131
113,26/4/2023,4,130
113,21/5/2023,16,123
113,7/6/2023,10,142
113,20/6/2023,16,77
113,23/6/2023,16,53
113,25/10/2023,4,140
113,19/2/2024,10,162
113,30/6/2024,10,112
114,17/1/2023,7,192
114,8/2/2023,13,135
114,28/3/2023,13,94
114,31/3/2023,13,78
114,7/4/2023,18,107
114,10/4/2023,18,123
114,9/5/2023,13,151
114,10/7/2023,13,111
114,12/7/2023,7,47
114,2/8/2023,13,131
114,26/2/2024,13,9
114,5/4/2024,18,157
114,26/6/2024,7,187
115,9/2/2023,11,26
115,24/2/2023,14,35
115,21/3/2023,14,152
115,4/4/2023,2,65
115,1/7/2023,11,93
115,10/7/2023,11,180
115,1/8/2023,1,199
115,25/8/2023,14,135
115,26/8/2023,2,162
115,11/10/2023,14,122
115,23/10/2023,1,95
115,23/1/2024,1,177
115,22/3/2024,1,149
116,3/5/2023,14,40
116,9/5/2023,2,144
116,6/6/2023,5,119
116,8/7/2023,14,149
116,9/9/2023,14,137
116,8/10/2023,5,179
116,14/11/2023,1,77
116,23/12/2023,1,92
116,2/2/2024,1,184
116,27/2/2024,1,192
116,23/5/2024,14,135
116,27/5/2024,2,7
116,27/5/2024,14,116
116,18/6/2024,14,50
117,7/1/2023,13,149
117,30/1/2023,13,154
117,17/3/2023,13,47
117,15/5/2023,13,184
117,24/5/2023,13,103
117,1/6/2023,7,71
117,15/8/2023,13,58
117,4/9/2023,13,71
117,17/12/2023,7,129
117,14/1/2024,18,194
117,30/5/2024,18,96
118,11/3/2023,7,88
118,24/4/2023,7,40
118,3/10/2023,7,175
118,26/6/2024,7,175
119,27/2/2023,13,171
119,15/3/2023,13,88
119,24/3/2023,18,17
119,29/3/2023,13,7
119,2/4/2023,18,37
119,28/4/2023,7,23
119,14/5/2023,13,127
119,2/9/2023,18,55
119,14/12/2023,18,71
119,9/1/2024,13,99
119,1/2/2024,7,49
119,5/3/2024,13,104
119,26/6/2024,7,65
120,23/3/2023,10,197
120,20/5/2023,10,154
120,11/6/2023,16,94
120,4/10/2023,4,25
120,23/11/2023,4,99
120,12/5/2024,10,14
120,23/5/2024,10,114
121,13/1/2023,10,77
121,19/10/2023,16,183
121,29/11/2023,4,119
121,17/12/2023,16,32
121,5/1/2024,4,77
121,24/1/2024,16,121
121,28/1/2024,4,144
121,26/2/2024,10,160
121,27/2/2024,16,90
121,21/3/2024,16,187
121,24/3/2024,4,140
121,3/4/2024,4,80
122,14/6/2023,10,100
122,24/8/2023,4,9
122,12/10/2023,4,163
122,30/12/2023,16,132
123,8/1/2023,9,50
123,12/2/2023,9,81
123,19/2/2023,20,74
123,23/3/2023,9,84
123,16/6/2023,20,165
123,21/6/2023,3,50
123,19/8/2023,9,80
123,17/11/2023,3,24
123,24/11/2023,3,134
123,10/1/2024,20,134
123,29/2/2024,20,140
123,12/3/2024,3,37
123,13/3/2024,3,81
123,23/3/2024,20,7
123,23/4/2024,20,87
124,25/6/2023,3,88
124,6/8/2023,20,47
124,15/8/2023,9,63
124,16/1/2024,20,197
124,22/5/2024,20,46
125,15/3/2023,4,61
125,15/3/2023,16,186
125,4/4/2023,4,113
125,27/5/2023,16,49
125,15/6/2023,10,76
125,8/7/2023,16,48
125,5/8/2023,16,74
126,29/1/2023,10,130
126,26/2/2023,4,165
126,14/3/2023,10,167
126,17/5/2023,4,108
126,19/5/2023,4,103
126,21/5/2023,16,172
126,11/10/2023,4,45
126,30/12/2023,4,137
126,1/1/2024,4,55
126,22/2/2024,16,128
126,18/3/2024,16,73
126,19/3/2024,4,176
126,20/3/2024,4,93
127,7/1/2023,3,120
127,11/1/2023,20,52
127,26/1/2023,3,82
127,29/1/2023,20,44
127,25/2/2023,9,7
127,27/4/2023,9,105
127,9/7/2023,9,85
127,26/7/2023,20,45
127,30/7/2023,20,173
127,20/8/2023,9,63
127,9/10/2023,9,173
127,24/2/2024,20,77
127,23/5/2024,20,96
128,27/5/2023,14,118
128,30/5/2023,1,123
128,20/9/2023,8,123
128,11/12/2023,8,147
128,28/1/2024,14,116
128,29/1/2024,19,47
129,16/1/2023,16,185
129,28/3/2023,4,7
129,5/4/2023,4,136
129,25/4/2023,10,186
129,29/6/2023,16,46
129,24/1/2024,10,78
129,20/3/2024,4,27
129,8/5/2024,10,156
129,6/6/2024,10,17
129,12/6/2024,4,108
129,25/6/2024,16,122
130,3/8/2023,16,141
130,21/12/2023,4,33
130,18/3/2024,16,76
130,20/5/2024,16,61
131,15/2/2023,18,13
131,24/8/2023,13,28
131,12/10/2023,18,141
131,24/10/2023,13,191
131,25/2/2024,13,34
131,3/3/2024,7,57
132,23/1/2023,16,95
132,2/5/2023,4,150
132,18/5/2023,10,77
132,15/6/2023,16,73
132,19/6/2023,10,111
132,28/9/2023,10,172
132,22/11/2023,16,130
132,21/12/2023,4,117
132,27/12/2023,10,184
132,3/1/2024,10,152
132,27/2/2024,4,156
133,3/1/2023,8,159
133,9/1/2023,14,58
133,16/1/2023,19,55
133,9/3/2023,14,115
133,25/6/2023,14,85
133,13/7/2023,1,120
133,1/1/2024,14,32
133,2/2/2024,1,127
133,17/5/2024,19,23
133,8/6/2024,14,21
134,25/3/2023,19,179
134,17/10/2023,14,143
134,9/1/2024,14,9
134,9/2/2024,8,142
134,26/2/2024,8,8
134,4/3/2024,19,122
134,27/5/2024,19,66
135,13/1/2023,20,75
135,23/8/2023,3,107
135,29/3/2024,20,162
135,25/5/2024,3,133
136,3/8/2023,14,183
136,14/9/2023,1,183
136,7/1/2024,14,43
136,16/1/2024,8,97
136,18/2/2024,1,152
136,15/6/2024,1,61
137,7/1/2023,4,38
137,28/2/2023,10,32
137,1/3/2023,4,169
137,26/5/2023,10,21
137,29/5/2023,16,47
137,14/6/2023,10,73
137,16/9/2023,4,92
137,13/10/2023,4,81
137,11/12/2023,16,64
137,1/3/2024,10,95
137,15/4/2024,16,181
138,28/1/2023,1,139
138,8/5/2023,14,139
138,25/5/2023,8,77
138,22/6/2023,8,99
138,23/6/2023,8,144
138,18/9/2023,8,178
138,25/10/2023,8,138
138,1/11/2023,1,24
138,2/11/2023,14,101
138,14/11/2023,8,44
138,16/1/2024,19,57
138,17/1/2024,14,75
138,3/3/2024,19,39
138,28/3/2024,19,95
138,10/6/2024,8,167
139,17/6/2023,16,156
139,9/1/2024,10,143
139,7/3/2024,10,150
140,5/3/2023,3,180
140,9/4/2023,20,49
140,16/4/2023,20,110
140,27/4/2023,9,33
140,7/5/2023,20,33
140,7/6/2023,9,27
140,27/2/2024,3,27
140,28/5/2024,9,83
141,29/3/2024,19,171
141,13/4/2024,19,186
142,9/2/2023,11,21
142,5/3/2023,5,20
142,15/4/2023,2,127
142,8/9/2023,1,167
142,18/10/2023,2,164
142,21/10/2023,5,57
142,21/10/2023,14,129
142,16/1/2024,11,73
142,7/4/2024,14,67
142,14/4/2024,1,119
142,23/4/2024,14,181
142,28/6/2024,5,94
143,21/1/2023,13,125
143,26/1/2023,18,96
143,14/3/2023,18,102
143,13/5/2023,18,15
143,25/5/2023,7,111
143,6/7/2023,7,32
143,23/7/2023,13,124
143,23/9/2023,18,51
143,2/1/2024,18,155
143,30/4/2024,7,124
143,11/5/2024,18,119
143,20/5/2024,7,59
143,13/6/2024,18,43
144,1/3/2023,3,89
144,20/3/2023,20,122
144,29/6/2023,20,63
144,6/7/2023,9,5
144,9/5/2024,9,150
144,16/6/2024,9,37
145,20/5/2023,4,10
145,29/3/2024,10,147
145,18/6/2024,4,140
146,22/5/2023,13,15
146,5/6/2023,13,191
146,12/6/2023,18,178
146,24/6/2023,18,121
146,17/9/2023,7,25
146,23/1/2024,13,20
146,10/3/2024,7,198
147,20/3/2023,8,26
147,2/10/2023,14,73
147,31/10/2023,14,21
147,27/1/2024,8,150
147,25/3/2024,14,170
147,31/3/2024,19,74
148,7/2/2023,4,126
148,15/2/2023,4,17
148,15/4/2023,4,61
148,3/7/2023,10,181
148,23/7/2023,10,81
148,1/8/2023,4,34
148,3/11/2023,16,19
148,28/1/2024,16,40
148,27/4/2024,16,92
149,18/1/2023,5,152
149,21/1/2023,1,101
149,22/2/2023,2,44
149,12/5/2023,14,7
149,8/6/2023,14,191
149,25/7/2023,11,82
149,3/10/2023,1,104
149,5/10/2023,5,68
149,6/1/2024,1,37
149,7/2/2024,1,93
149,21/2/2024,11,162
149,20/3/2024,11,144
149,26/3/2024,14,179
150,14/4/2023,8,141
150,7/6/2023,14,51
150,10/6/2024,8,92
150,28/6/2024,8,91
151,26/5/2023,10,24
151,14/7/2023,4,166
152,11/2/2023,3,109
152,10/5/2023,9,83
152,11/9/2023,3,99
152,15/10/2023,20,161
152,9/3/2024,3,36
152,17/4/2024,20,183
153,24/4/2023,9,193
153,5/9/2023,20,46
153,18/10/2023,9,123
153,4/4/2024,3,122
153,20/4/2024,3,197
153,7/6/2024,3,176
154,1/2/2023,7,146
154,26/2/2023,7,196
154,2/3/2023,18,173
154,25/3/2023,7,184
154,15/4/2023,7,194
154,2/7/2023,13,74
154,17/12/2023,13,164
154,26/4/2024,13,47
154,30/4/2024,7,39
155,26/2/2023,14,9
155,26/5/2023,1,64
155,29/5/2023,1,5
155,13/9/2023,8,181
155,15/9/2023,14,173
155,21/10/2023,19,146
155,24/11/2023,14,192
155,26/1/2024,19,19
155,21/5/2024,1,22
156,13/1/2023,1,129
156,18/11/2023,14,191
157,18/2/2023,1,141
157,23/2/2023,1,147
157,11/6/2023,1,165
157,25/6/2023,2,136
157,24/7/2023,11,96
158,1/3/2023,4,155
158,27/3/2023,10,126
158,23/4/2023,4,135
158,29/9/2023,4,192
158,9/3/2024,4,134
158,13/3/2024,16,107
158,25/3/2024,10,42
159,19/3/2023,20,128
159,9/4/2023,9,98
159,8/6/2023,3,37
159,11/8/2023,3,163
159,24/8/2023,20,49
159,31/8/2023,20,77
159,18/10/2023,20,187
159,18/10/2023,9,74
159,14/11/2023,3,43
159,4/1/2024,20,72
159,18/1/2024,9,92
159,5/3/2024,20,93
159,1/4/2024,3,196
159,8/6/2024,3,8
160,13/1/2023,9,94
160,21/3/2023,9,96
160,30/10/2023,9,45
160,27/12/2023,9,156
160,5/2/2024,20,127
161,24/9/2023,14,184
161,18/10/2023,11,83
161,9/11/2023,2,80
161,20/12/2023,5,10
161,13/5/2024,11,155
162,28/3/2023,10,103
162,11/4/2023,16,81
162,29/8/2023,16,124
162,1/2/2024,4,92
162,12/4/2024,10,52
162,14/5/2024,10,79
162,31/5/2024,4,198
163,20/1/2023,10,22
163,27/3/2023,10,46
163,8/4/2023,16,72
163,15/6/2023,16,166
163,5/7/2023,10,159
163,12/8/2023,4,189
163,12/9/2023,16,41
163,23/9/2023,4,77
163,25/10/2023,10,185
163,4/12/2023,4,73
163,30/12/2023,4,179
163,11/2/2024,10,142
163,20/2/2024,10,108
163,7/3/2024,10,78
163,25/4/2024,10,36
164,18/1/2023,16,58
164,29/3/2023,4,30
164,20/6/2023,10,56
164,1/10/2023,4,179
164,29/12/2023,4,153
164,9/6/2024,16,88
165,30/7/2023,20,35
165,31/8/2023,9,140
165,10/9/2023,3,84
165,25/12/2023,3,42
166,4/7/2023,19,91
166,19/7/2023,8,92
166,23/8/2023,1,44
166,24/9/2023,1,104
166,17/10/2023,8,45
166,15/2/2024,1,167
166,22/2/2024,14,70
166,30/5/2024,8,24
167,11/11/2023,10,151
167,19/11/2023,4,145
167,25/3/2024,16,187
167,16/4/2024,4,159
168,17/1/2023,20,196
168,30/1/2023,20,192
168,13/6/2023,20,138
168,16/10/2023,9,6
168,24/11/2023,9,47
168,27/11/2023,3,99
168,17/12/2023,20,18
168,16/2/2024,9,18
168,2/3/2024,9,138
169,5/1/2023,4,40
169,24/2/2023,10,173
169,3/4/2023,16,147
169,23/5/2023,16,125
169,29/8/2023,16,67
169,3/11/2023,10,79
169,22/11/2023,16,87
169,27/11/2023,16,112
169,4/2/2024,4,183
169,17/2/2024,4,41
169,23/5/2024,4,90
169,2/6/2024,16,81
169,11/6/2024,4,63
169,26/6/2024,16,111
170,4/1/2023,19,114
170,19/1/2023,1,20
170,30/4/2023,19,120
170,30/6/2023,1,46
170,16/9/2023,14,175
170,27/12/2023,14,110
170,11/2/2024,1,40
170,15/5/2024,8,18
170,24/5/2024,1,184
171,18/1/2023,3,112
171,8/7/2023,20,85
172,6/5/2023,14,52
172,23/8/2023,8,87
172,2/4/2024,19,156
173,27/4/2023,3,194
173,11/7/2023,9,86
173,25/4/2024,3,146
173,27/6/2024,20,17
174,3/1/2023,4,144
174,12/2/2023,16,23
174,6/7/2023,4,70
174,16/9/2023,4,127
174,26/9/2023,10,163
174,29/11/2023,4,159
174,12/12/2023,10,108
174,16/1/2024,4,191
174,25/1/2024,16,27
174,26/1/2024,10,182
174,28/1/2024,4,75
174,29/1/2024,16,135
174,25/5/2024,16,166
174,2/6/2024,4,139
175,1/3/2023,9,148
175,7/6/2023,3,56
175,6/8/2023,9,162
175,25/2/2024,9,24
176,22/1/2023,19,84
176,22/1/2023,8,188
176,9/2/2023,1,136
176,29/5/2023,1,121
176,18/6/2023,1,9
176,17/7/2023,1,149
176,17/7/2023,14,173
176,29/7/2023,8,107
176,11/9/2023,14,34
176,25/10/2023,19,162
176,26/11/2023,14,56
176,20/12/2023,14,41
176,2/1/2024,8,121
176,24/1/2024,1,151
176,30/4/2024,8,188
177,4/1/2023,5,142
177,18/2/2023,2,62
177,4/3/2023,1,22
177,22/3/2023,1,138
177,15/4/2023,2,170
177,13/7/2023,5,183
177,25/12/2023,5,187
177,28/2/2024,2,186
177,1/3/2024,11,131
177,11/3/2024,1,58
177,9/4/2024,5,183
177,7/5/2024,2,70
177,26/6/2024,2,172
178,20/3/2023,4,70
178,4/5/2023,4,109
178,28/5/2023,4,139
178,24/7/2023,16,62
178,26/7/2023,16,152
178,1/8/2023,10,20
178,5/9/2023,16,69
178,18/9/2023,4,148
178,28/10/2023,10,60
178,26/5/2024,4,167
179,30/1/2023,7,124
179,17/6/2023,18,199
179,17/9/2023,13,100
179,15/11/2023,7,142
179,16/12/2023,7,103
179,2/3/2024,18,173
179,3/4/2024,13,179
179,24/5/2024,7,133
179,27/5/2024,13,12
179,14/6/2024,18,99
180,6/1/2023,20,72
180,11/1/2023,3,149
180,19/2/2023,3,77
180,28/9/2023,20,91
180,24/3/2024,3,180
181,16/2/2023,4,119
181,22/2/2023,16,131
181,11/4/2023,10,133
181,15/8/2023,16,106
181,29/8/2023,4,55
181,12/9/2023,10,91
181,14/9/2023,4,167
181,16/10/2023,16,66
181,27/10/2023,10,117
181,30/10/2023,16,66
181,21/11/2023,4,22
181,20/12/2023,16,21
181,14/4/2024,16,46
181,1/5/2024,16,177
181,1/5/2024,16,34
182,6/3/2023,1,130
182,15/4/2023,11,199
182,28/4/2023,1,83
182,21/7/2023,5,55
182,6/8/2023,2,118
182,12/8/2023,1,108
182,20/9/2023,1,129
182,10/11/2023,5,150
182,3/2/2024,5,186
182,3/2/2024,1,171
182,21/2/2024,14,178
182,13/4/2024,5,5
182,30/6/2024,2,47
183,12/3/2023,20,68
183,18/5/2023,9,161
183,20/7/2023,3,174
183,2/11/2023,9,84
183,9/11/2023,3,111
183,7/6/2024,9,57
184,4/1/2023,18,152
184,23/2/2023,7,89
184,18/3/2023,7,134
184,3/4/2023,18,169
184,10/7/2023,7,37
184,13/7/2023,7,118
184,29/10/2023,7,130
184,29/11/2023,7,122
184,31/12/2023,7,116
184,10/2/2024,13,105
184,10/2/2024,13,136
184,17/2/2024,7,67
184,2/4/2024,13,171
184,28/5/2024,13,91
185,7/6/2023,1,77
185,14/11/2023,19,84
186,7/1/2023,10,65
186,19/1/2024,10,134
186,8/4/2024,16,190
187,20/1/2023,19,198
187,22/2/2023,14,79
187,4/4/2023,19,45
187,25/6/2023,8,149
187,30/6/2023,1,122
187,25/9/2023,1,25
187,25/9/2023,8,86
187,5/10/2023,19,14
187,26/10/2023,1,48
187,29/10/2023,1,118
187,28/1/2024,14,185
187,24/4/2024,8,189
187,23/6/2024,8,77
188,6/2/2023,3,70
188,14/3/2023,9,23
188,11/6/2023,9,104
188,20/6/2023,20,117
188,23/6/2023,9,88
188,26/6/2023,3,67
188,27/8/2023,9,186
188,16/1/2024,3,122
188,14/2/2024,3,142
188,1/4/2024,9,117
188,8/4/2024,3,62
188,17/4/2024,3,98
188,12/5/2024,20,96
188,4/6/2024,20,109
189,12/1/2023,14,11
189,28/6/2023,8,45
189,15/7/2023,8,179
189,30/3/2024,8,15
189,25/5/2024,1,121
189,1/6/2024,8,197
190,28/2/2023,7,140
190,2/3/2023,7,95
190,10/3/2023,13,163
190,10/3/2023,7,138
190,15/6/2023,7,80
190,27/7/2023,18,65
190,20/8/2023,7,116
190,14/9/2023,7,176
190,28/9/2023,13,123
190,20/12/2023,7,78
190,1/3/2024,7,15
190,3/3/2024,13,51
190,7/4/2024,7,45
191,17/1/2023,13,131
191,12/2/2023,18,45
191,24/2/2023,18,187
191,31/3/2023,7,190
191,12/6/2023,13,183
191,11/8/2023,7,102
191,21/8/2023,13,125
191,9/10/2023,7,152
191,22/10/2023,7,70
191,6/2/2024,7,28
191,16/3/2024,7,172
191,22/6/2024,13,185
192,24/2/2023,10,98
192,27/6/2023,16,67
192,16/12/2023,10,92
192,19/12/2023,16,174
192,8/2/2024,10,123
192,13/3/2024,16,78
193,12/2/2023,1,141
193,16/3/2023,14,55
193,9/5/2023,14,19
193,3/10/2023,1,178
193,21/2/2024,14,171
193,5/3/2024,1,115
193,17/3/2024,1,115
193,12/4/2024,1,50
193,27/4/2024,8,102
193,17/5/2024,14,80
193,6/6/2024,19,124
194,5/1/2023,10,167
194,4/11/2023,4,56
194,11/1/2024,16,176
194,6/2/2024,4,114
194,6/3/2024,10,9
194,22/4/2024,16,29
194,24/5/2024,10,143
195,12/7/2023,20,11
195,13/12/2023,20,137
196,15/1/2023,16,194
196,13/5/2023,4,72
196,13/3/2024,10,86
196,8/5/2024,4,147
197,19/2/2023,18,37
197,19/2/2023,13,130
197,21/5/2023,13,28
197,10/8/2023,13,73
197,24/10/2023,18,97
197,28/10/2023,13,71
197,28/11/2023,7,86
197,18/1/2024,7,49
197,19/1/2024,7,82
197,24/1/2024,7,72
197,9/2/2024,7,16
197,21/2/2024,13,153
197,20/3/2024,13,17
197,13/5/2024,7,54
197,19/6/2024,18,173
198,10/11/2023,10,109
198,25/12/2023,16,110
199,20/2/2023,9,9
199,22/2/2023,20,188
199,19/3/2023,3,27
199,23/5/2023,3,144
199,6/7/2023,9,132
199,21/9/2023,3,173
199,12/1/2024,9,142
199,23/3/2024,3,35
199,17/4/2024,9,44
199,19/5/2024,20,163
200,4/2/2023,9,26
200,23/2/2023,3,139
200,20/5/2023,3,180
200,13/7/2023,9,31
200,21/9/2023,20,22
200,13/11/2023,9,164
200,11/1/2024,3,23
200,17/3/2024,3,89
200,20/3/2024,3,60
200,4/4/2024,3,105
200,8/6/2024,3,22